date,new,new_tickers,ignored,ignored_tickers,date_timestamp
2023-12-12,8,"CHSN, CLIR, FDCT, LUXFF, MHHC, OPFI, PCOGF, TAWNF",0,,1702339200000
2023-12-13,8,"BTCM, KALV, LOWLF, MSAH, NEPH, NGLD, NPRFF, TRRXF",0,,1702425600000
2023-12-14,18,"ARBK, BBAI, BITF, BTCS, CAMZF, CXDO, DHC, GRHI, IREN, OPEN, PGY, PPCB, PPTA, SOFI, SOUN, TPST, WRIT, WULF",0,,1702512000000
2023-12-15,18,"ADV, ARBKF, AUR, DMAC, DTARF, IMMX, IMRX, LOOP, MAKOF, MEIL, MFMLF, MRKR, MYO, OIBZQ, SPPL, STTK, TKVR, TLSIW",0,,1702598400000
2023-12-16,7,"CDIO, GNS, LYRA, MFH, NTCPF, QNCX, SITKF",0,,1702684800000
2023-12-17,0,,0,,1702771200000
2023-12-18,0,,0,,1702857600000
2023-12-19,7,"AHG, BADEF, CIFR, DERM, DZCA, SERA, ZKIN",0,,1702944000000
2023-12-20,8,"AMQFF, AVAH, CNTA, ELMSQ, ELYS, FPAY, OPXS, WALDW",0,,1703030400000
2023-12-21,5,"DMGGF, FSXLF, FTFT, INXDF, RIOFF",0,,1703116800000
2023-12-22,18,"ARTTF, CETX, CNTX, DNTH, ETST, FDMIF, GSIT, HIVE, IVVD, MDWK, NBTX, OBSEF, OSCR, PRCH, PROP, SPRB, TMCWW, VRCA",0,,1703203200000
2023-12-23,15,"ARTM, BTBT, GREE, IMNM, MATH, MYIDF, OMER, PRFX, SMGI, SNANF, SOS, SYBX, SYRS, TCRX, TNYA",0,,1703289600000
2023-12-24,0,,0,,1703376000000
2023-12-25,0,,0,,1703462400000
2023-12-26,10,"ABSI, ACHV, AUTL, BSEM, FMCKM, FNMAT, FPH, ITRM, JPPYY, RVPH",0,,1703548800000
2023-12-27,14,"AMEGF, ANY, BKKT, BLND, HOWL, IXHL, NCTY, NGENF, NSPR, PPSI, TZPC, WRAP, XPON, XTPT",0,,1703635200000
2023-12-28,2,"JADA, LGCXF",0,,1703721600000
2023-12-29,5,"AHIX, ALAR, EKSO, HYHDF, NGXXF",0,,1703808000000
2023-12-30,6,"BLIAQ, CGEN, CLRB, FNMA, MVNT, TOMZ",0,,1703894400000
2023-12-31,0,,0,,1703980800000
2024-01-01,0,,0,,1704067200000
2024-01-02,4,"BNTRF, SNTG, VXLLF, ZVRA",0,,1704153600000
2024-01-03,5,"ABEO, BWAY, NMGC, XELB, YRD",0,,1704240000000
2024-01-04,4,"ANTMF, CINGF, GMINF, RNWWW",0,,1704326400000
2024-01-05,8,"AKBA, ATBHF, CATX, CREX, CRVS, FKMCF, MTC, XERS",0,,1704412800000
2024-01-06,2,"BIMI, VTEX",0,,1704499200000
2024-01-07,0,,0,,1704585600000
2024-01-08,14,"ACIU, AEPT, AIRS, ARDX, BRQSF, CPYYF, CRBP, EJH, ESPGY, ETON, NERV, PLCKF, RDUFF, STTTF",0,,1704672000000
2024-01-09,8,"ACON, BSWGF, CRDL, CXOXF, KRTL, SGCPF, THMG, TMC",0,,1704758400000
2024-01-10,21,"ADAG, APLD, BABYF, BUENF, CISS, CNRIF, CTMCF, ELTX, EPIX, GALT, GEVI, GMPW, HWH, HYMCL, IMPM, LGIQ, MLXEF, NFUNF, NN, REOS, USCUF",0,,1704844800000
2024-01-11,15,"ACRS, AESO, AIMD, APLT, AWMLF, CAMP, CLVR, DCGO, ELEK, NGRBF, PYXS, REFXF, SBMSF, SEUSF, VRRCF",0,,1704931200000
2024-01-12,0,,0,,1705017600000
2024-01-13,0,,0,,1705104000000
2024-01-14,20,"BCII, BSNLF, CCCFF, CLRI, ECGS, FBRKF, GTRIF, KGFMF, LAES, MAIA, MCREF, NXE, PLGGF, SAVAW, SDCCQ, SNOA, SWVL, UEC, WSTRF, YMAB",0,,1705190400000
2024-01-15,0,,0,,1705276800000
2024-01-16,1,BCNWF,0,,1705363200000
2024-01-17,21,"AUVI, BIOCQ, CFRXQ, CNSP, CYCA, DOGZ, EMUSF, FMCKL, GDLNF, GEMZ, ILAG, LTRX, NVSGF, POET, RENT, RNAZ, SDXEF, SGMT, SHGI, VNCE, XCUR",0,,1705449600000
2024-01-18,17,"AOXG, CPIVF, DTLAP, ELAB, FNMAP, HOVR, JYD, MAPPF, MYBUF, NVAAF, PHUN, RHCO, RNAC, SCYYF, SHOT, TSYHF, XLMDF",0,,1705536000000
2024-01-19,14,"AJOY, ELVG, EMCHF, FEERF, FXLV, HUT, ILHMF, OPGN, PCSA, PMN, QSG, SSYRF, SVRSF, XBP",0,,1705622400000
2024-01-20,14,"AGFY, AREN, ASTS, AZLAF, AZTR, CFTN, DSP, FNICF, IVDN, JUVAF, MNMRF, MPU, NDEV, SQZB",0,,1705708800000
2024-01-21,0,,0,,1705795200000
2024-01-22,0,,0,,1705881600000
2024-01-23,28,"ARYMF, BBIG, BDRL, CETY, CTTH, CVHL, ECAOF, ESOA, EVAX, EWCLF, FMCC, FNMAI, GURE, HWAL, KAVL, KROEF, LOBEF, LQWC, MLMLF, NVVE, PLSE, RQHTF, RR, SALM, SAML, SHPH, SONX, SPTJF",0,,1705968000000
2024-01-24,3,"CSRNF, KPIFF, VRNOF",0,,1706054400000
2024-01-25,6,"ANVS, ARAFF, KHRNF, LVO, MREO, SXTP",0,,1706140800000
2024-01-26,9,"HLP, INBS, MYRUF, RDHL, SBIG, SOLCF, SRNW, SVTNF, VSME",0,,1706227200000
2024-01-27,12,"AFIB, BBRRF, DIOSF, ECRFF, HERB, JORFF, PLLTL, PSYGF, SPRC, TKLF, TNTMF, ZEVY",0,,1706313600000
2024-01-28,0,,0,,1706400000000
2024-01-29,0,,0,,1706486400000
2024-01-30,10,"ADVM, BRCNF, BREA, BSTO, BTOG, GKPRF, MMRGF, REAX, SAGGF, TRUIF",0,,1706572800000
2024-01-31,47,"AATC, ARVLF, ATHOF, AVPT, BNNLF, BQSSF, CANOF, CLBT, CMRA, DAKT, DMEHF, DTSRF, DTST, DYLLF, GNPX, GRI, GRND, HAO, HCHDF, HMY, IZM, JFIN, MAKSY, MAMA, MDAI, MDXG, MNYWW, NAMSW, NKTX, NLVVF, NYXH, OGEN, ORN, PANL, QD, RKHNF, RNECY, SIGL, SINT, SNWGF, SRCGF, TALK, TK, TZOO, UGP, VPRB, YLLXF",0,,1706659200000
2024-02-01,4,"LVWR, MZDAY, OILFF, ULBI",0,,1706745600000
2024-02-02,19,"ALGEF, AQST, ATMGF, CPHRF, CVKD, FNMAN, GLGI, HSAI, IFBD, IPDQF, IVFH, NEUE, NPPTF, PMCOF, PTON, REVB, SWIN, TRUG, WNW",0,,1706832000000
2024-02-03,17,"AACTF, AAMMF, BFRI, CESDF, CING, CNTMF, DELHY, DNN, DRSHF, ELVUF, FGEN, FGPHF, GAU, GNLX, MSRM, UMGP, WXXWY",0,,1706918400000
2024-02-04,0,,0,,1707004800000
2024-02-05,0,,0,,1707091200000
2024-02-06,17,"BLPG, CCTG, FCUV, GSDT, IONQ, NCL, NMLSF, OPHRF, PRSO, REZZF, RQIHF, SCLTF, SJ, TKOI, TPCS, VRDR, XTKG",0,,1707177600000
2024-02-07,17,"ACIXF, APLM, CLCFF, CLSK, CRIS, DDC, DRCR, DTSS, GBLTF, IDGR, IQST, LFVN, QGSI, RAYA, TPET, ULTHF, VCUFF",0,,1707264000000
2024-02-08,11,"ASST, CAULF, COYA, DMKPQ, GDTC, GUELF, KULR, NYWKF, PBM, SSP, WLMTF",0,,1707350400000
2024-02-09,13,"ADSE, APPS, BWMG, CECAF, DYNT, EVLV, FEBO, KOOYF, KOPN, LMPX, TENX, TETOF, UPC",0,,1707436800000
2024-02-10,16,"ASXSF, BTAI, CHUC, CURV, EGAN, FNMAH, HKIT, MLGO, NGMDF, RSI, SYRA, TELO, VIOT, VIRC, ZDGE, ZJYL",0,,1707523200000
2024-02-11,0,,0,,1707609600000
2024-02-12,0,,0,,1707696000000
2024-02-13,9,"FYMNF, GLUC, ORMP, PXLW, RVSN, SURG, TERCF, TSPH, XBIT",0,,1707782400000
2024-02-14,17,"ADMA, AEYGQ, AKAN, ANTX, ATCH, CETXP, ENSC, LINC, MRPMF, NWXPF, ONXGF, SBFM, SSPLF, SSRM, TBLT, TSE, WTER",0,,1707868800000
2024-02-15,18,"BDTX, BGLC, COEP, DHAI, FAMDF, LEXTF, LFMD, MDVLQ, MITQ, NMTC, NTPIF, OMH, PBYI, QBTS, RVBR, SANA, TVCCF, UNCY",0,,1707955200000
2024-02-16,18,"APEUF, AUPH, AWEVF, BMR, CNVS, CYAN, ELWS, EQ, GTEC, HLF, INOD, MG, QMCO, SABR, TGL, UPXI, VFRM, VLERF",0,,1708041600000
2024-02-17,0,,0,,1708128000000
2024-02-18,18,"ARRNF, BLRX, BNXAF, CPOP, CTKYY, DTMXF, EWGFF, IAALF, KRKNF, MOGLF, NWARF, QUAD, RCRUY, RGTI, SELX, SUNWQ, THXPF, TSHA",0,,1708214400000
2024-02-19,0,,0,,1708300800000
2024-02-20,1,PCSV,0,,1708387200000
2024-02-21,13,"BMXI, BTTX, CDRO, CYIO, GRUSF, OST, RAPT, SOPH, VHC, VINC, WDOFF, WNDW, ZCMD",0,,1708473600000
2024-02-22,14,"ADD, CALA, CERO, CYH, GARWF, GXAI, JFBR, JG, JZ, LGHL, MSCLF, SISI, UCAR, XAUMF",0,,1708560000000
2024-02-23,15,"ASPI, BOF, DHBUF, DPRO, FULC, IBRX, ICU, IQAIF, MOTS, NLPXF, PEXZF, PRKA, TMMI, WETH, XTCYF",0,,1708646400000
2024-02-24,17,"AGTEF, AUUD, BFRG, EMTRF, FNGR, GTN, HGYN, HOLO, JCSE, RIINF, SMSI, SQNS, TELIF, UPLD, VERO, VLXC, VTSI",0,,1708732800000
2024-02-25,0,,0,,1708819200000
2024-02-26,0,,0,,1708905600000
2024-02-27,12,"ATMH, BBLG, CRDOF, INLX, LIDR, LUNR, MRTMF, ORVMF, PCCYF, QNCCF, RYES, USNZY",0,,1708992000000
2024-02-28,16,"ALPP, BRCHF, BRFS, BTQQF, CLDI, GOTU, HOEGF, IDR, JMIA, KINS, MNMD, MQ, ORGO, SLGGF, SMXT, VVIVF",0,,1709078400000
2024-02-29,11,"AMBO, AYURF, BDVB, DDD, EB, FDVXF, INGN, NVAX, RBOT, RYAM, WINKF",0,,1709164800000
2024-03-01,17,"AIMLF, AMPE, AUMN, BZAMF, COMM, GMVMF, JL, KLGDF, LFST, LPSN, MIST, PEMSF, ROMA, SWISF, TRNR, UTRS, VANI",0,,1709251200000
2024-03-02,8,"DMXCF, FIP, IEGCF, OABI, OMGGF, RLMD, SECYF, SIDU",0,,1709337600000
2024-03-03,0,,0,,1709424000000
2024-03-04,0,,0,,1709510400000
2024-03-05,12,"ARLSF, BIVI, CRDF, DREM, FBLG, FEMY, GRCMF, IXRRF, NXGL, REAL, RRDMF, TIOG",0,,1709596800000
2024-03-06,18,"ADIL, ATOS, BYSI, CRD-A, CRD-B, EVC, FNMAG, HSCS, JAGX, LGCFF, LIPO, MWSNF, PLNH, QNRX, SFIX, SMMT, UONE, WLGS",0,,1709683200000
2024-03-07,12,"ARBE, ATAI, BKLPF, CPSH, EMHLF, FUSEF, IMMP, LEXX, TIIAY, WVE, XRTX, YGMZ",0,,1709769600000
2024-03-08,6,"ABMBF, AISP, BETSF, FUFU, KAIFF, TORO",0,,1709856000000
2024-03-09,12,"AMLX, APT, APVO, ASLE, FTEL, HELFY, HNST, KMDA, LTRN, MXTRF, PRTS, XYF",0,,1709942400000
2024-03-10,1,GIFI,0,,1710028800000
2024-03-11,0,,0,,1710115200000
2024-03-12,10,"CLSD, DIBS, EBON, ELLXF, HLOGF, LTSRF, MDXXF, NGD, RYDE, SVMFF",0,,1710201600000
2024-03-13,21,"ARQ, ATMTF, BERI, CANG, CGNT, CMTL, COCH, CTNT, ENZN, GLPEY, LUNA, LUNMF, LVTX, MDNAF, MIRA, MSAI, POLCQ, SLSDF, TNON, TTI, VSSYW",0,,1710288000000
2024-03-14,2,"LSF, TLS",0,,1710374400000
2024-03-15,15,"ANDR, APDN, BEWFF, CMCLF, ECDA, ELRRF, EUBG, JTAI, MOMO, RNXT, WIMI, WT, WTTR, WW, XTIA",0,,1710460800000
2024-03-16,12,"ANNX, BW, CURLF, FMCKI, FORD, LNSR, MGHCF, MTLFF, NOTV, OSS, SLS, ULY",0,,1710547200000
2024-03-17,0,,0,,1710633600000
2024-03-18,0,,0,,1710720000000
2024-03-19,9,"ADCT, ALT, AUID, AUST, CEPU, CXAI, GMM, LXEH, NCMI",0,,1710806400000
2024-03-20,4,"HITI, POWW, SIGA, STIM",0,,1710892800000
2024-03-21,5,"AEBZY, LDI, MNTR, OCGN, XTLB",0,,1710979200000
2024-03-22,4,"ENTX, LIFX, MVLA, XFOR",0,,1711065600000
2024-03-23,0,,0,,1711152000000
2024-03-24,0,,0,,1711238400000
2024-03-25,0,,0,,1711324800000
2024-03-26,10,"AWLRF, CBWTF, EGY, ESPR, FRGE, IDN, LGCB, NNOX, ORFDF, TOI",0,,1711411200000
2024-03-27,7,"EVGUF, INDP, NUVB, QH, RSSS, USHAF, VFF",0,,1711497600000
2024-03-28,12,"BCAB, BRAG, CNTB, FTZFF, GPLS, IRIX, MAPS, MMTMF, MURA, RAVE, TISI, YGFGF",0,,1711584000000
2024-03-29,8,"APRE, MRRTY, NXL, NXTC, PHGE, PHRRF, PMEC, VTGN",0,,1711670400000
2024-03-30,1,NTRB,0,,1711756800000
2024-03-31,0,,0,,1711843200000
2024-04-01,0,,0,,1711929600000
2024-04-02,7,"COSRF, JZXN, RXRX, SDA, SPRY, TSKFF, UIS",0,,1712016000000
2024-04-03,7,"KRYXF, LFCR, MDXH, NXTT, QRHC, STXS, TNREF",0,,1712102400000
2024-04-04,4,"CRON, GRLVF, PSHG, SNDL",0,,1712188800000
2024-04-05,2,"CADL, IMCC",0,,1712275200000
2024-04-06,4,"GRVWF, HUYA, IMNN, MDIA",0,,1712361600000
2024-04-07,0,,0,,1712448000000
2024-04-08,0,,0,,1712534400000
2024-04-09,3,"NZAUF, VLOWY, WAVE",0,,1712620800000
2024-04-10,8,"ABXXF, ASTI, ATER, CSTE, IINN, MAMO, PTHRF, SMREF",0,,1712707200000
2024-04-11,0,,0,,1712793600000
2024-04-12,110,"ACLX, ACMR, ACVA, AGX, ALKT, ALSN, ALXO, APG, APP, ARLO, ARQT, BRBR, CAMT, CAVA, CELH, CGEM, CNM, CRDO, CRH, CRNX, CRS, CTXXF, CVLT, DFH, EH, ELTK, ESTC, EVER, EZGO, FDMT, FMANF, FORM, FROG, FSS, GCT, GFF, GIII, GKOS, GMS, GTBIF, GTLB, HCC, HUSA, IDYA, INDO, IOT, IR, ITRI, JANX, JBI, JELD, KBH, KNF, KNSA, KROS, LIDRW, LNW, LPG, LRN, MAS, MBC, MI, MITK, MLI, MMYT, MOD, MRUS, MRVL, MTSI, NTRA, NVT, NXPL, OPRA, PAY, PLAB, PLTR, PONGF, PRIM, PRZO, PSN, PSTG, PUBM, QTRX, QTTB, RANI, RNA, ROAD, ROIV, RVMD, RXST, SCS, SHAK, SHOP, SM, TAGP, TAL, TARS, TDW, TILE, TME, TWST, UBER, VCEL, VECO, VITL, VRNS, VRT, WFRSF, WOR, ZWS",0,,1712880000000
2024-04-13,0,,0,,1712966400000
2024-04-14,0,,0,,1713052800000
2024-04-15,8,"AZREF, BHVN, LEJUY, LGVN, PRTG, SNGX, SPCB, YORKF",0,,1713139200000
2024-04-16,3,"NMRA, TBLLF, VIRX",0,,1713225600000
2024-04-17,10,"CCRD, FNCH, PACB, PALI, PRCT, PROK, SINC, SKIL, STRL, SXTC",0,,1713312000000
2024-04-18,9,"AGCZ, EDBL, GCTK, MARA, MMND, PJXRF, RCAT, VNDA, WAMFF",0,,1713398400000
2024-04-19,9,"BNTC, CGC, DLPX, EYPT, GMGI, GOGY, LBRT, OCUL, VCTR",0,,1713484800000
2024-04-20,4,"ADMQ, ARM, GBR, MNDR",0,,1713571200000
2024-04-21,0,,0,,1713657600000
2024-04-22,0,,0,,1713744000000
2024-04-23,13,"HEPA, HQY, HYTLF, IKT, INMB, MGAM, NISN, NKOSF, PHIO, QNST, RDFEF, RIOT, VAXX",0,,1713830400000
2024-04-24,20,"ADXN, AIRE, AMST, ATVVF, ATXI, CALC, CATPF, CHCI, EDU, EVO, LICN, LUVU, MTBLY, NCI, NORSF, OPRT, RILY, SHIM, SMBMF, TRIP",0,,1713916800000
2024-04-25,1,WHLM,0,,1714003200000
2024-04-26,15,"ADYEY, AMSLF, BDRX, BLOZF, BRFH, EXPO, HYGN, JAKK, KPLT, NET, NUWE, SNAP, TPC, ULH, VEII",0,,1714089600000
2024-04-27,4,"PINS, SGRP, SN, YNVYF",0,,1714176000000
2024-04-28,0,,0,,1714262400000
2024-04-29,0,,0,,1714348800000
2024-04-30,0,,0,,1714435200000
2024-05-01,26,"ACB, AMKR, ATEYY, ATI, BRZE, CUE, CYCC, FLGC, FLXS, GRWG, GVA, IMPP, MED, NEOV, PMTYF, POFCY, POSAF, SHIEF, TCNNF, TLRY, TNK, TREE, UCTT, WGS, WKSP, XIACF",0,,1714521600000
2024-05-02,14,"BVN, CTMX, INSW, KTB, LEG, LTCH, NSSC, OI, PATH, RCKY, RDEXF, SAVNF, SWKS, TCEFF",0,,1714608000000
2024-05-03,21,"ASPN, AVNW, DGII, DNOW, DXYN, ENVX, ETSY, FLR, FRSH, FSLY, LUNG, NTGR, OBIO, PBI, PRDO, ROOT, SDCH, STNG, TGIFF, VTVT, WEAV",0,,1714694400000
2024-05-04,15,"AIP, ALHC, BLONF, BOOM, GME, KOSS, MODV, NRDS, NVCT, PSSS, TGHLF, TNDM, TRUP, UPWK, YMM",0,,1714780800000
2024-05-05,0,,0,,1714867200000
2024-05-06,0,,0,,1714953600000
2024-05-07,16,"AASZF, BHE, BYON, CECO, DIDIY, EPAC, GSUN, HDUP, ICMFF, KLNG, MNSO, MYE, SELF, SEMR, TKC, VRRM",0,,1715040000000
2024-05-08,33,"AMRC, AOSL, ATEC, AZTA, CBZ, CCGWW, CIX, CRCT, CYRX, DH, DZSI, ELAN, FLYW, GDTRF, GMED, GO, HRB, IRBT, KD, LPX, LZ, MCRB, MTEN, MYGN, NATR, NL, RPD, SMLR, SNCR, TMCI, VIAOY, VRM, ZTSTF",0,,1715126400000
2024-05-09,0,,0,,1715212800000
2024-05-10,13,"BGS, BLZE, CCSI, CDLX, FWRD, METC, MUX, PALAF, SKYT, TDS, TIVC, UPST, ZLAB",0,,1715299200000
2024-05-11,10,"ASC, BSTK, DCBO, ECRO, PGNY, PURE, PW, SRTS, XPOF, ZNCXF",0,,1715385600000
2024-05-12,0,,0,,1715472000000
2024-05-13,0,,0,,1715558400000
2024-05-14,9,"CCLD, CPFXF, DRS, EOSEW, EU, MGNX, SRG, TMQ, TREX",0,,1715644800000
2024-05-15,8,"CGTRF, DCTH, DHT, HROW, KLYG, MAXN, RKDA, TSSI",0,,1715731200000
2024-05-16,11,"AEMD, DLO, DNCVF, IPW, JSDA, MHTZF, NUGN, OPRX, RELI, ROMJF, SOWG",0,,1715817600000
2024-05-17,6,"LMRMF, MGNI, MXROF, NCPL, VRA, XPL",0,,1715904000000
2024-05-18,9,"AMPG, CGMLF, DUO, DXC, DXF, GMBXF, HBEIF, HIMS, SBWFF",0,,1715990400000
2024-05-19,0,,0,,1716076800000
2024-05-20,7,"CMCM, CRVO, DYN, ETAOF, GTBP, STIXF, TANH",0,,1716163200000
2024-05-21,8,"AONC, AXDDF, GTES, IMTCF, INTJ, JHX, KTOS, PTCT",0,,1716249600000
2024-05-22,7,"ABBRF, ACTG, SLTFF, SVMLF, TAKOF, VSAT, XP",0,,1716336000000
2024-05-23,4,"CDRE, CYTK, LENZ, WRBY",0,,1716422400000
2024-05-24,1,STGZ,0,,1716508800000
2024-05-25,6,"AESI, GUYGF, IP, SXC, TBLA, WHD",0,,1716595200000
2024-05-26,1,ASM,0,,1716681600000
2024-05-27,0,,0,,1716768000000
2024-05-28,8,"AGIO, ARCT, CRGX, INSM, MYNZ, NLLSF, NMTLF, SPCE",0,,1716854400000
2024-05-29,13,"ALMMF, CDNA, CHWY, CMCXF, FLS, GYRE, NPNYY, OII, ONON, SMR, TRMD, VHIBF, VNOM",0,,1716940800000
2024-05-30,6,"AMSC, ENGN, FENG, KSS, NOAH, NTNX",0,,1717027200000
2024-05-31,11,"AIRJ, AMBA, BCG, GMTLF, LOGI, MLAB, NBY, S, TRTPF, VAUCF, WBUY",0,,1717113600000
2024-06-01,2,"AZZ, SMTK",0,,1717200000000
2024-06-02,0,,0,,1717286400000
2024-06-03,11,"ARVN, COHR, CRBU, DAVE, DBVT, GPCR, GRTX, HUIZ, LSCC, OFSTF, OLMA",0,,1717372800000
2024-06-04,8,"CBUS, CORZ, JDZG, KVGOF, MFI, NDRA, STKXF, TLTFF",0,,1717459200000
2024-06-05,12,"AAUGF, CVRX, CZOOF, FQVLF, GHRS, NUMIF, RDGL, SFWL, TERN, TREIF, UBXG, VRNT",0,,1717545600000
2024-06-06,11,"CODX, FRGT, LLKKF, MBGPF, MIND, REPL, RGXTF, SILO, TRSG, VRAX, VTYX",0,,1717632000000
2024-06-07,8,"ACKRF, AUEEF, BMEA, HALO, LUCYW, ODC, ODD, SMTC",0,,1717718400000
2024-06-08,0,,0,,1717804800000
2024-06-09,0,,0,,1717891200000
2024-06-10,6,"AAIRF, AILE, HWAIF, PERI, RDW, THAR",0,,1717977600000
2024-06-11,5,"CJREF, CXW, SER, TH, WHLR",0,,1718064000000
2024-06-12,5,"APH, ATLX, TBIO, TBNRL, ZKH",0,,1718150400000
2024-06-13,8,"BRTX, BTDR, JILL, LCUT, MCCRF, TALN, URGN, YYGH",0,,1718236800000
2024-06-14,10,"BAND, CABA, GANX, INAB, INIS, IRON, KYTX, LRHC, MENEF, NNE",0,,1718323200000
2024-06-15,1,AYASF,0,,1718409600000
2024-06-16,0,,0,,1718496000000
2024-06-17,12,"AEXAY, AMCX, BJDX, DDI, GTMAY, KRRO, MIRM, OVID, SCDCF, SCNI, SLRX, SYRE",0,,1718582400000
2024-06-18,11,"AXR, HLVX, IHLDF, IMMR, LPCN, NGNE, NRIX, OLLI, SNT, VXRT, ZNTL",0,,1718668800000
2024-06-19,2,"KLKLF, PSYCF",0,,1718755200000
2024-06-20,9,"ALUR, AVTX, CLRPF, CSTPF, DJTWW, LZB, MOLN, SNNAF, TRVN",0,,1718841600000
2024-06-21,9,"ABEPF, AICOF, BIRK, EWPMF, GNSMF, KRKR, PRAX, SRLZF, TWRFF",0,,1718928000000
2024-06-22,0,,0,,1719014400000
2024-06-23,0,,0,,1719100800000
2024-06-24,12,"ASHXF, ASWRF, AZZTF, BBIO, BYRN, DJT, EFTR, IGC, INUV, MJGCF, NCPCF, RXO",0,,1719187200000
2024-06-25,10,"AIJTY, CSTXF, ICLTF, INXSF, LTUM, LZRFY, MTRX, SEDG, XAIR, ZIMV",0,,1719273600000
2024-06-26,7,"AGAE, IOMT, LYEL, OBLG, OPTT, RIVN, TGLS",0,,1719360000000
2024-06-27,9,"AEI, CTRI, ENTO, JMXXF, KALA, LEVI, OPTX, RIGL, ZEO",0,,1719446400000
2024-06-28,6,"COSM, FAAS, JVA, KRUS, LUCY, MLPNF",0,,1719532800000
2024-06-29,5,"ALMS, LB, LPA, MGLD, PTGX",0,,1719619200000
2024-06-30,0,,0,,1719705600000
2024-07-01,10,"BLLYF, INSG, ISUNQ, LAAOF, NMREF, SAVA, SNTI, STLNF, TGOLF, TROO",0,,1719792000000
2024-07-02,5,"BEEM, HHS, PCRX, TTSRF, VS",0,,1719878400000
2024-07-03,7,"AMIX, BNCM, DOYU, ELTP, ENDGF, RDDT, SONM",0,,1719964800000
2024-07-04,1,RMSL,0,,1720051200000
2024-07-05,6,"CSTL, GCCFF, GRLRF, MDWD, SKYE, YYAI",0,,1720137600000
2024-07-06,0,,0,,1720224000000
2024-07-07,0,,0,,1720310400000
2024-07-08,3,"CCFLU, FBIOP, QXO",0,,1720396800000
2024-07-09,10,"AMYZF, BTRYF, EXFY, HELE, INDV, KYMR, QURE, SYNX, VPLM, ZKGCF",0,,1720483200000
2024-07-10,10,"AEHL, AEHR, AP, CMBM, DDOSF, DTEAF, EVGOW, HE, LNTH, PHIN",0,,1720569600000
2024-07-11,2,"CYN, QS",0,,1720656000000
2024-07-12,9,"ABR, AMWL, CHKMF, FHTX, LCFY, MEI, NEXI, SGHT, TTMI",0,,1720742400000
2024-07-13,0,,0,,1720828800000
2024-07-14,1,TIL,0,,1720915200000
2024-07-15,10,"CMND, GAUZ, GRNQ, HUMA, LXEO, MURMF, PMNXF, PRLD, RUM, SDOT",0,,1721001600000
2024-07-16,6,"ANGO, AVCRF, CDT, GRAL, NUTX, PSNL",0,,1721088000000
2024-07-17,9,"BANL, CSSPQ, EMEXF, FIVE, KRO, LIMFF, SRBIF, TKNO, VLTLF",0,,1721174400000
2024-07-18,7,"FOR, FORW, HAFN, HGHAF, NEON, TXG, VISL",0,,1721260800000
2024-07-19,5,"ABL, EGHT, GLXZ, IUGNF, SCHL",0,,1721347200000
2024-07-20,0,,0,,1721433600000
2024-07-21,0,,0,,1721520000000
2024-07-22,5,"AKEMF, CLPMF, CSPI, SLVMF, STRW",0,,1721606400000
2024-07-23,7,"AABB, ATPC, FATE, FEIM, GPAK, KORE, WGLIF",0,,1721692800000
2024-07-24,7,"BHC, BWXT, DRMA, LITM, LW, PRG, SGMO",0,,1721779200000
2024-07-25,17,"EVGN, EW, F, GSHD, GTOFF, KALU, LKQ, MXL, OWVI, RES, SHPWQ, SLGL, SNES, STM, STMEF, TPH, VKTX",0,,1721865600000
2024-07-26,9,"AEYE, CALM, COUR, CREV, KARO, MIDLF, TGOPY, TLSA, ZYXI",0,,1721952000000
2024-07-27,0,,0,,1722038400000
2024-07-28,0,,0,,1722124800000
2024-07-29,8,"APLS, CGTX, IART, INNMF, MMTLF, PSIG, SILC, TKAYF",0,,1722211200000
2024-07-30,10,"BLMZ, EBS, HLIT, LUMN, NIPG, ONEW, PTUUF, SYM, TGTX, YIBO",0,,1722297600000
2024-07-31,11,"ANRO, CHCT, DALN, DBLVF, LMND, LSH, METOF, MHUA, PANXF, PEPG, RDWR",0,,1722384000000
2024-08-01,7,"EXAS, MAX, MBLY, MRNA, NGVT, TENB, UDMY",0,,1722470400000
2024-08-02,0,,0,,1722556800000
2024-08-03,0,,0,,1722643200000
2024-08-04,0,,0,,1722729600000
2024-08-05,0,,0,,1722816000000
2024-08-06,0,,0,,1722902400000
2024-08-07,0,,0,,1722988800000
2024-08-08,0,,0,,1723075200000
2024-08-09,0,,0,,1723161600000
2024-08-10,22,"AGI, ALDX, ARRY, AU, AVD, BLFS, CARG, CRTO, CSSEQ, DOCS, EVH, FIVN, HYLN, IOVA, NRDY, QTWO, RCEL, SG, STRT, TBRG, VERX, ZETA",0,,1723248000000
2024-08-11,0,,0,,1723334400000
2024-08-12,12,"ALTAF, AUMBF, AURX, CNTGF, ETFLF, FTRE, GAYMF, GENC, LASE, MNXMF, ORKT, SIREF",0,,1723420800000
2024-08-13,4,"CONNQ, DSGN, LWAY, RILYP",0,,1723507200000
2024-08-14,47,"1784.TWO, 2236.TW, 2449.TW, 2486.TW, 3005.TW, 3013.TW, 3019.TW, 4160.TWO, 4909.TWO, 5347.TWO, 6143.TWO, 6204.TWO, 6659.T, 8028.TW, 8147.TWO, APEI, ASCCY, ATATP.IS, AWI, BHAT, CLS, CRMD, DMRC, DSCSY, EML, EWCZ, FSM, GHM, HBB, HNHPF, IBTA, KFEIN.IS, KSCP, LAKE, MAVI.IS, MEC, MLYS, MU, NAMS, NVD.DE, NVRI, OUST, PACS, SGC, TRAK, UTI, WWW",0,,1723593600000
2024-08-15,18,"ANPMF, ARAY, BVNRY, GAMB, GNLN, IPA, LFWD, LGCL, LTHCF, RAIL, RAY, SPIR, TITN, TORXF, TRAIF, VRNA, WGXRF, YJ",0,,1723680000000
2024-08-16,15,"ATMU, COMP, DBOXF, DPMLF, HPAI, ICG, MLKN, MRVI, MWA, MYPSW, PEGA, PKKFF, PKOH, RVLV, SNDA",0,,1723766400000
2024-08-17,0,,0,,1723852800000
2024-08-18,0,,0,,1723939200000
2024-08-19,14,"ABIT, ALGS, BMOOF, CIADF, CINT, LQDA, QUEXF, RILYL, SCPPF, SVNDY, TBBB, TREP, VKSC, ZIM",0,,1724025600000
2024-08-20,9,"AAON, GLUE, INM, LGMK, SLN, STEC, TOVX, ULS, VIPS",0,,1724112000000
2024-08-21,10,"BKTI, FRGGF, GLMD, NBYCF, TCRT, TEM, TNGX, TTNP, UAMY, ZURVY",0,,1724198400000
2024-08-22,14,"AAP, ADMT, CHGCY, CSIQ, DNA, GVH, INND, OGI, SGLY, SRTTY, SVM, TMRC, WDC, ZUMZ",0,,1724284800000
2024-08-23,7,"ATDRY, BKTPF, FAMI, GDC, GOCO, PPIH, VHI",0,,1724371200000
2024-08-24,0,,0,,1724457600000
2024-08-25,0,,0,,1724544000000
2024-08-26,7,"CPCPF, DRUG, EIHDF, PDD, PGCMF, REFR, SGN",0,,1724630400000
2024-08-27,2,"LMNR, TRIB",0,,1724716800000
2024-08-28,6,"ALLGF, BZ, KLDCF, LI, OOMA, ZMDTF",0,,1724803200000
2024-08-29,11,"AFRM, BLBD, DG, GAP, INVA, JBDI, NTAP, NWVCF, OKTA, PAHC, PARXF",0,,1724889600000
2024-08-30,5,"ACIW, BGM, BNRG, NCNA, STG",0,,1724976000000
2024-08-31,0,,0,,1725062400000
2024-09-01,3,"CPRX, MMSI, TSEM",0,,1725148800000
2024-09-02,0,,0,,1725235200000
2024-09-03,0,,0,,1725321600000
2024-09-04,8,"ATHA, CRMT, DLTR, IOBT, PAVM, REVG, RLBY, TWG",0,,1725408000000
2024-09-05,8,"AMXEF, BASE, CLDX, FJTSY, HOTH, MODD, MRRDF, SMID",0,,1725494400000
2024-09-06,2,"LPTX, USFD",0,,1725580800000
2024-09-07,0,,0,,1725667200000
2024-09-08,7,"ATGE, GMTH, GRDAF, GSPRF, GSTMF, JUGRF, NX",0,,1725753600000
2024-09-09,16,"ASTC, BAER, BCYC, BXPHF, CNQQF, EEX, FOA, INTI, KEQU, MDNGF, OTSKY, RLAY, RZLT, TARSF, TTEK, XNCR",0,,1725840000000
2024-09-10,1,ASTL,0,,1725926400000
2024-09-11,7,"AVO, CLRMF, FTDR, KRNT, MONOY, SUGP, VRDN",0,,1726012800000
2024-09-12,6,"BIRD, BQ, CNEY, FTCI, MSB, RTO",0,,1726099200000
2024-09-13,6,"ADFJF, CAL, ELMD, FLEX, LOVE, MNPR",0,,1726185600000
2024-09-14,0,,0,,1726272000000
2024-09-15,0,,0,,1726358400000
2024-09-16,12,"BCAX, BDWBF, BGRP, BMRN, GMVHF, ITOS, KFY, MBX, PLCE, REE, RSCF, SLQT",0,,1726444800000
2024-09-17,6,"AENT, CBT, CMP, PDEX, XCH, YOU",0,,1726531200000
2024-09-18,1,SHOO,0,,1726617600000
2024-09-19,7,"AERG, GDRZF, GLXG, IDEXY, INTA, KTTA, VVOS",0,,1726704000000
2024-09-20,8,"CODYY, EWTX, IVRO, KSPI, OSW, PMTS, VCYT, Z",0,,1726790400000
2024-09-21,0,,0,,1726876800000
2024-09-22,0,,0,,1726963200000
2024-09-23,6,"BATL, BUKS, FKWL, OKLO, OTRK, VERB",0,,1727049600000
2024-09-24,8,"ASA, ASMB, EXK, JHG, OR, OSPN, SICNF, TPR",0,,1727136000000
2024-09-25,9,"CAPR, CGAU, CVALF, EBAY, JDCMF, LBRDA, LBRDK, SCCO, WPM",0,,1727222400000
2024-09-26,10,"ATXS, BSXGF, CMCT, CRUS, EBCOY, GENI, IBATF, JSPR, SBC, TECX",0,,1727308800000
2024-09-27,10,"AIXI, ARQQ, BEKE, CMCL, CNXC, CORT, EM, GFR, NNOMF, SFBQF",0,,1727395200000
2024-09-28,0,,0,,1727481600000
2024-09-29,0,,0,,1727568000000
2024-09-30,11,"ACHC, ARREF, EGIOQ, GFI, PIAIF, PROSY, QYOUF, RDVT, SKY, TAYD, TOST",0,,1727654400000
2024-10-01,18,"ATGL, CART, GSL, HRTG, KZR, MPNGY, OCANF, OCFT, PRTA, PVGDF, SNDX, TOUBF, TOUR, TRU, TTEC, USGO, VOXR, ZIJMF",0,,1727740800000
2024-10-02,9,"ALTHF, CNF, LX, SGIOY, SITC, SOMLY, TCEHY, YAMCY, ZLNDY",0,,1727827200000
2024-10-03,10,"API, ATAT, CIEN, DOCU, EGRX, JOBY, LGFRY, MRDH, TIGR, TOP",0,,1727913600000
2024-10-04,5,"EVGO, HKD, NSFDF, STEM, VOBIF",0,,1728000000000
2024-10-05,0,,0,,1728086400000
2024-10-06,0,,0,,1728172800000
2024-10-07,5,"APOG, ORGN, PLL, SNAL, VLTO",0,,1728259200000
2024-10-08,12,"AGNMF, ASCCF, CRNC, GELYF, GLTO, HCI, SCHYF, SMCI, SOBR, SRRK, TRGGF, UVE",0,,1728345600000
2024-10-09,0,,0,,1728432000000
2024-10-10,7,"ANRGF, BLDE, EHC, EVRC, GNGYF, KNTNF, OIGLF",0,,1728518400000
2024-10-11,3,"AZURF, GNTA, HRMY",0,,1728604800000
2024-10-12,0,,0,,1728691200000
2024-10-13,0,,0,,1728777600000
2024-10-14,2,"ECIA, FSI",0,,1728864000000
2024-10-15,5,"FVTI, HNNA, LUGDF, NCFFF, TPSRF",0,,1728950400000
2024-10-16,4,"CLPS, TTD, TTDKY, ZG",0,,1729036800000
2024-10-17,9,"AMBI, DAWN, DOLE, GSCCF, MSMGF, TLPH, TRUMY, VMEO, WEGZY",0,,1729123200000
2024-10-18,9,"AACAY, AGTT, BALL, EXLS, FA, LXFR, MEOBF, NVA, SILXF",0,,1729209600000
2024-10-19,0,,0,,1729296000000
2024-10-20,0,,0,,1729382400000
2024-10-21,14,"BIAF, CCJ, EXEL, HEPS, IMPUY, INHD, LEU, LTBR, MGPI, OCG, ORIS, QNTM, ROL, WCT",0,,1729468800000
2024-10-22,0,,0,,1729555200000
2024-10-23,15,"AGGI, B, BTOC, CSTM, EZPW, GDYN, KTCC, NVLPF, OCS, PRAA, PSIX, RITR, SLXN, SRAD, TMDX",0,,1729641600000
2024-10-24,1,VMD,0,,1729728000000
2024-10-25,5,"CLIK, CPNG, GORO, NTLA, SVRE",0,,1729814400000
2024-10-26,0,,0,,1729900800000
2024-10-27,0,,0,,1729987200000
2024-10-28,7,"CPRI, LINK, NESR, ORLA, PRTDF, TYRA, WKC",0,,1730073600000
2024-10-29,6,"ABOS, EVOK, LASR, NBIS, OLPX, SERV",0,,1730160000000
2024-10-30,7,"DQ, ESI, IEP, JYNT, LIXT, TRMB, TRNS",0,,1730246400000
2024-10-31,10,"ANAB, ATNI, GIC, HAYW, MTNB, MTZ, OTGLY, QRVO, THRY, XLO",0,,1730332800000
2024-11-01,10,"FTNT, HOOD, NXT, OPINL, PPC, ROKU, SRI, SRZN, UUU, XIACY",0,,1730419200000
2024-11-02,0,,0,,1730505600000
2024-11-03,0,,0,,1730592000000
2024-11-04,7,"BRYFF, BTSG, CHGCF, CICOY, GSAT, SONG, TWLO",0,,1730678400000
2024-11-05,1,SANM,0,,1730764800000
2024-11-06,11,"ALAB, ARIS, CE, CENX, COGT, DXPE, FTK, HDSN, NTBLQ, TCMD, TDUP",0,,1730851200000
2024-11-07,18,"ARBB, ARTV, CFLT, CTKB, DNLI, ELA, ENPH, GEO, HAS, IPI, KLXE, KVYO, LMB, MRCY, NXNIF, PAAS, RUN, SMG",0,,1730937600000
2024-11-08,22,"AMRK, AVNT, BROS, CDTG, DOCN, FOX, FOXA, GEODF, INCY, KRT, LILA, LILAK, LYFT, MATV, MTCH, PETS, SKK, STOK, TNL, TRUFF, UMAC, XENE",0,,1731024000000
2024-11-09,0,,0,,1731110400000
2024-11-10,0,,0,,1731196800000
2024-11-11,24,"AAOI, ADEA, AGL, AMN, AMPX, ANL, ASTH, AVXL, BE, CCRN, CWAN, DDEJF, FCEL, INDI, MTTRF, NWS, PRPH, SAIH, SGHC, TASK, UEIC, USGDF, WAY, WIT",0,,1731283200000
2024-11-12,7,"BTM, CAN, LYTS, PHAT, RMTO, SPNS, WRD",0,,1731369600000
2024-11-13,8,"AVDL, CLPT, HRTX, LSB, MNOV, NPWR, RMTI, THKLY",0,,1731456000000
2024-11-14,12,"BTMD, GRPN, NPCE, PLUS, PSFE, QUBT, RDCM, RKLB, SIBN, SSYS, UECXF, ZK",0,,1731542400000
2024-11-15,4,"BRNS, KTEL, LQWDF, MBI",0,,1731628800000
2024-11-16,0,,0,,1731715200000
2024-11-17,0,,0,,1731801600000
2024-11-18,0,,0,,1731888000000
2024-11-19,3,"ERII, GLE, MHH",0,,1731974400000
2024-11-20,7,"AI, CTNM, DNMR, GDS, RNGR, SFHG, TRDA",0,,1732060800000
2024-11-21,7,"CHRS, ELDCF, KC, LIF, QSI, SATL, UPB",0,,1732147200000
2024-11-22,3,"CODA, KURA, MVMDF",0,,1732233600000
2024-11-23,0,,0,,1732320000000
2024-11-24,0,,0,,1732406400000
2024-11-25,0,,0,,1732492800000
2024-11-26,4,"ALEC, BDMD, EMBC, FLNC",0,,1732579200000
2024-11-27,3,"BLTE, LAUR, SCTSF",0,,1732665600000
2024-11-28,6,"ARWR, BNR, CTVFF, OTLK, VCIG, WAI",0,,1732752000000
2024-11-29,2,"APWC, LSAK",0,,1732838400000
2024-11-30,0,,0,,1732924800000
2024-12-01,0,,0,,1733011200000
2024-12-02,3,"GRRR, MRT, PERF",0,,1733097600000
2024-12-03,7,"ACHR, FGL, FOSL, MOND, MVST, NVCR, ZVIA",0,,1733184000000
2024-12-04,6,"CLABF, MSW, OM, RAPP, TTGT, ZJK",0,,1733270400000
2024-12-05,6,"ANET, ANSNF, FSTR, LOAR, LQDT, RECT",0,,1733356800000
2024-12-06,2,"CICOF, PNTG",0,,1733443200000
2024-12-07,4,"AEXAF, CNRC, RBRK, WLLBW",0,,1733529600000
2024-12-08,0,,0,,1733616000000
2024-12-09,5,"BIOA, LDXHF, MGX, SABS, TWI",0,,1733702400000
2024-12-10,4,"CPIX, GTN-A, NGLOY, PUMP",0,,1733788800000
2024-12-11,2,"FIGS, RPTX",0,,1733875200000
2024-12-12,5,"HIMX, LNKS, NEXNF, TRVI, WKEY",0,,1733961600000
2024-12-13,0,,0,,1734048000000
2024-12-14,5,"CGTL, CSBR, IPHA, TYPTF, XXII",0,,1734134400000
2024-12-15,0,,0,,1734220800000
2024-12-16,1,PATK,0,,1734307200000
2024-12-17,5,"ASYS, CLPR, PODC, RMNI, VJTTY",0,,1734393600000
2024-12-18,2,"EHTH, NAMI",0,,1734480000000
2024-12-19,3,"EREPF, MTEK, OONEF",0,,1734566400000
2024-12-20,2,"MESO, SHCO",0,,1734652800000
2024-12-21,0,,0,,1734739200000
2024-12-22,0,,0,,1734825600000
2024-12-23,4,"CLW, EHGO, IIPR, NVO",0,,1734912000000
2024-12-24,3,"AUMMF, LNZA, QUIK",0,,1734998400000
2024-12-25,0,,0,,1735084800000
2024-12-26,0,,0,,1735171200000
2024-12-27,0,,0,,1735257600000
2024-12-28,0,,0,,1735344000000
2024-12-29,0,,0,,1735430400000
2024-12-30,0,,0,,1735516800000
2024-12-31,0,,0,,1735603200000
2025-01-01,0,,0,,1735689600000
2025-01-02,0,,0,,1735776000000
2025-01-03,0,,0,,1735862400000
2025-01-04,0,,0,,1735948800000
2025-01-05,0,,0,,1736035200000
2025-01-06,0,,0,,1736121600000
2025-01-07,7,"ATOM, BCDS, CHEF, NRBT, OCC, OLO, SPHL",0,,1736208000000
2025-01-08,3,"DRIO, MOGMF, PREIF",0,,1736294400000
2025-01-09,4,"CMPX, SLDP, STFS, VIR",0,,1736380800000
2025-01-10,0,,0,,1736467200000
2025-01-11,0,,0,,1736553600000
2025-01-12,0,,0,,1736640000000
2025-01-13,7,"AIFU, APGE, DTIL, NEO, PNTRF, SENS, THORF",0,,1736726400000
2025-01-14,4,"AAUAF, ESTA, LODE, LXU",0,,1736812800000
2025-01-15,0,,0,,1736899200000
2025-01-16,6,"FRHYF, FTAI, GBX, LAZR, MASS, VLN",0,,1736985600000
2025-01-17,2,"BMRA, COCO",0,,1737072000000
2025-01-18,0,,0,,1737158400000
2025-01-19,0,,0,,1737244800000
2025-01-20,5,"ARRXF, HRBR, IONR, SLNG, SNNGF",0,,1737331200000
2025-01-21,0,,0,,1737417600000
2025-01-22,5,"EOLS, GH, GIL, GLW, SST",0,,1737504000000
2025-01-23,0,,0,,1737590400000
2025-01-24,0,,0,,1737676800000
2025-01-25,0,,0,,1737763200000
2025-01-26,0,,0,,1737849600000
2025-01-27,0,,0,,1737936000000
2025-01-28,0,,0,,1738022400000
2025-01-29,0,,0,,1738108800000
2025-01-30,0,,0,,1738195200000
2025-01-31,0,,0,,1738281600000
2025-02-01,0,,0,,1738368000000
2025-02-02,0,,0,,1738454400000
2025-02-03,0,,0,,1738540800000
2025-02-04,7,"ATEN, ATKR, DGGXF, EL, GLBXF, NDATF, PINC",0,,1738627200000
2025-02-05,0,,0,,1738713600000
2025-02-06,4,"ALGT, FMC, MTLS, RPID",0,,1738800000000
2025-02-07,3,"HANNF, HP, NCBDY",0,,1738886400000
2025-02-08,0,,0,,1738972800000
2025-02-09,13,"BILL, CTLP, ELF, G, GPRE, IBEX, LPDNF, PCRHY, PLRX, STOCF, TRRFF, VREX, WBTN",0,,1739059200000
2025-02-10,8,"AIOT, CUAUF, DOMH, KPGHF, PAL, TWOSF, UNCHF, WANSF",0,,1739145600000
2025-02-11,3,"DRD, MP, SAND",0,,1739232000000
2025-02-12,2,"ATEX, CMCO",0,,1739318400000
2025-02-13,5,"BL, ECG, OS, STAA, TDC",0,,1739404800000
2025-02-14,4,"CRSR, EDSA, ENTA, MBRX",0,,1739491200000
2025-02-15,0,,0,,1739577600000
2025-02-16,0,,0,,1739664000000
2025-02-17,8,"ALLO, FNLPF, INFA, PDFS, PRRSF, RELY, SA, VERA",0,,1739750400000
2025-02-18,2,"MEGL, PLLMF",0,,1739836800000
2025-02-19,7,"DFIN, GRABW, HTHIY, JRSS, RCUS, RELL, SLDB",0,,1739923200000
2025-02-20,8,"BMBL, CELZ, EDIT, GLGDF, HUHU, ILIKF, MVIS, SUPN",0,,1740009600000
2025-02-21,7,"AKAM, AXTI, DBX, PONY, SEI, TXMD, VICR",0,,1740096000000
2025-02-22,1,GDEV,0,,1740182400000
2025-02-23,0,,0,,1740268800000
2025-02-24,0,,0,,1740355200000
2025-02-25,3,"BRDG, IINNW, WDGJF",0,,1740441600000
2025-02-26,5,"AHCO, CHGG, CRI, LIVN, WAFU",0,,1740528000000
2025-02-27,4,"GERN, IMXI, ODP, SSTI",0,,1740614400000
2025-02-28,10,"ARKO, CARS, CEVA, CTTZF, CVEO, ECPG, IBIO, LBGJ, MEG, STRA",0,,1740700800000
2025-03-01,0,,0,,1740787200000
2025-03-02,0,,0,,1740873600000
2025-03-03,3,"DV, ICFI, PRGO",0,,1740960000000
2025-03-04,4,"AMROF, LFSWF, NABL, RC",0,,1741046400000
2025-03-05,1,CWGYF,0,,1741132800000
2025-03-06,3,"ATRO, CENN, SWIM",0,,1741219200000
2025-03-07,2,"MLR, SAABY",0,,1741305600000
2025-03-08,0,,0,,1741392000000
2025-03-09,5,"ABLV, DSNY, LKNCY, NWCBF, WLDN",0,,1741478400000
2025-03-10,0,,0,,1741564800000
2025-03-11,6,"BVS, NEWH, RAND, RKT, SMDRF, TER",0,,1741651200000
2025-03-12,0,,0,,1741737600000
2025-03-13,0,,0,,1741824000000
2025-03-14,1,AFCG,0,,1741910400000
2025-03-15,0,,0,,1741996800000
2025-03-16,0,,0,,1742083200000
2025-03-17,7,"BON, CBBHF, IH, PRPL, STRO, WEST, WLDS",0,,1742169600000
2025-03-18,1,SES,0,,1742256000000
2025-03-19,3,"CSCI, HPAGF, SRPT",0,,1742342400000
2025-03-20,0,,0,,1742428800000
2025-03-21,4,"AEVA, CORBF, PRA, RMLRF",0,,1742515200000
2025-03-22,0,,0,,1742601600000
2025-03-23,0,,0,,1742688000000
2025-03-24,3,"ANGI, SNEX, TELA",0,,1742774400000
2025-03-25,0,,0,,1742860800000
2025-03-26,0,,0,,1742947200000
2025-03-27,0,,0,,1743033600000
2025-03-28,0,,0,,1743120000000
2025-03-29,0,,0,,1743206400000
2025-03-30,0,,0,,1743292800000
2025-03-31,0,,0,,1743379200000
2025-04-01,0,,0,,1743465600000
2025-04-02,0,,0,,1743552000000
2025-04-03,0,,0,,1743638400000
2025-04-04,0,,0,,1743724800000
2025-04-05,0,,0,,1743811200000
2025-04-06,0,,0,,1743897600000
2025-04-07,0,,0,,1743984000000
2025-04-08,0,,0,,1744070400000
2025-04-09,0,,0,,1744156800000
2025-04-10,0,,0,,1744243200000
2025-04-11,0,,0,,1744329600000
2025-04-12,0,,0,,1744416000000
2025-04-13,0,,0,,1744502400000
2025-04-14,0,,0,,1744588800000
2025-04-15,0,,0,,1744675200000
2025-04-16,0,,0,,1744761600000
2025-04-17,0,,0,,1744848000000
2025-04-18,0,,0,,1744934400000
2025-04-19,0,,0,,1745020800000
2025-04-20,0,,0,,1745107200000
2025-04-21,0,,0,,1745193600000
2025-04-22,0,,0,,1745280000000
2025-04-23,0,,0,,1745366400000
2025-04-24,0,,0,,1745452800000
2025-04-25,0,,0,,1745539200000
2025-04-26,0,,0,,1745625600000
2025-04-27,0,,0,,1745712000000
2025-04-28,0,,0,,1745798400000
2025-04-29,0,,0,,1745884800000
2025-04-30,0,,0,,1745971200000
2025-05-01,0,,0,,1746057600000
2025-05-02,0,,0,,1746144000000
2025-05-03,0,,0,,1746230400000
2025-05-04,0,,0,,1746316800000
2025-05-05,0,,0,,1746403200000
2025-05-06,0,,0,,1746489600000
2025-05-07,0,,0,,1746576000000
2025-05-08,10,"AXGN, CODI, CODI-PB, CODI-PC, HIPO, LQMT, NTDOY, PROM, QDEL, SEZL",0,,1746662400000
2025-05-09,4,"ALNT, CIIT, CODI-PA, YALA",0,,1746748800000
2025-05-10,0,,0,,1746835200000
2025-05-11,0,,0,,1746921600000
2025-05-12,4,"ANIK, GOGO, ONTO, SKIN",0,,1747008000000
2025-05-13,7,"BAOS, CSGS, FNKO, MLSPF, NRGV, SATS, W",0,,1747094400000
2025-05-14,1,MOGO,0,,1747180800000
2025-05-15,4,"AIMH, BDSX, DGNG, SEATW",0,,1747267200000
2025-05-16,3,"BW-PA, DBRG, ISSC",0,,1747353600000
2025-05-17,0,,0,,1747440000000
2025-05-18,0,,0,,1747526400000
2025-05-19,6,"ACAD, BURCF, CCOEY, CWPE, PRVA, TVTX",0,,1747612800000
2025-05-20,3,"CMLS, FTEK, TUWOY",0,,1747699200000
2025-05-21,2,"AKRO, QIPT",0,,1747785600000
2025-05-22,1,VFC,0,,1747872000000
2025-05-23,2,"NVTS, RCON",0,,1747958400000
2025-05-24,0,,0,,1748044800000
2025-05-25,0,,0,,1748131200000
2025-05-26,0,,0,,1748217600000
2025-05-27,0,,0,,1748304000000
2025-05-28,0,,0,,1748390400000
2025-05-29,0,,0,,1748476800000
2025-05-30,0,,0,,1748563200000
2025-05-31,0,,0,,1748649600000
2025-06-01,0,,0,,1748736000000
2025-06-02,0,,0,,1748822400000
2025-06-03,0,,0,,1748908800000
2025-06-04,0,,0,,1748995200000
2025-06-05,0,,0,,1749081600000
2025-06-06,0,,0,,1749168000000
2025-06-07,0,,0,,1749254400000
2025-06-08,0,,0,,1749340800000
2025-06-09,0,,0,,1749427200000
2025-06-10,0,,0,,1749513600000
2025-06-11,0,,0,,1749600000000
2025-06-12,0,,0,,1749686400000
2025-06-13,0,,0,,1749772800000
2025-06-14,0,,0,,1749859200000
2025-06-15,0,,0,,1749945600000
2025-06-16,0,,0,,1750032000000
2025-06-17,0,,0,,1750118400000
2025-06-18,0,,0,,1750204800000
2025-06-19,0,,0,,1750291200000
2025-06-20,0,,0,,1750377600000
2025-06-21,0,,0,,1750464000000
2025-06-22,0,,0,,1750550400000
2025-06-23,0,,0,,1750636800000
2025-06-24,8,"CMPS, CREQF, EPRJF, GEOS, ICL, OP, SPTN, TFPM",0,,1750723200000
2025-06-25,8,"AMRN, GFGSF, LYSCF, LYSDY, NINE, NKTR, SOGP, TMGLF",0,,1750809600000
2025-06-26,5,"AKCCF, ALMU, TCCPY, TRCK, WRDLY",0,,1750896000000
2025-06-27,4,"ANIX, MRAAF, UMCN, WS",0,,1750982400000
2025-06-28,0,,0,,1751068800000
2025-06-29,0,,0,,1751155200000
2025-06-30,2,"ALLIF, CMGMY",0,,1751241600000
2025-07-01,10,"ALOT, BUR, CALX, CTTAY, KSTBF, OPWEF, PDIYF, RTTGF, SHLS, SREMF",-637,"PXMD, WSNAF, VVCVF, ISPC, REGRF, WMWWF, BTGHF, USCMF, VNRX, OVTZ, EULIF, ACGX, WTCZF, SSEBF, IBRLF, TGNT, LDSN, PRSNF, JETR, MDTC, STSN, KSSRF, NXGT, CWSFF, RSCI, IXIXF, NUMD, ANICF, ROSN, RIHT, CPMD, GBHPF, MLYCF, ZHUD, FMHS, APGI, INNI, ECDP, RNGE, BRGC, CRYBF, IPSI, AAGH, NOKPF, TCRI, CRVH, LANRF, JKSM, WOWI, ADXS, TOYRF, BLTH, BMCS, TDRK, CLHI, BLFR, RDDTF, CATTF, RTON, FUUN, LBRG, OCTO, BLMH, BRVO, CBMJ, BWMY, PYBX, ZAIRF, SFRX, IGPK, BMMJ, MRGE, RLAB, SENR, NYMXF, BLTHD, CSOC, SNNC, BULT, CPWR, BRZV, RMLFF, NUKK, EAWD, SNBH, IONI, CEOS, SCFR, FUST, CYFRF, RLTR, MRES, GWTR, LBSR, TRLFF, GIFX, KTPPF, MONI, LRDC, VSMR, PGOL, NULGF, DROR, RKFL, AWON, NILA, SYSX, RVLWF, IFUS, EGYF, WBBA, ATAO, RWGI, GMETF, FUAPF, MMTIF, CNER, IWAL, AVNI, GERS, ECPL, HOMU, LVGLF, FLHLF, PFFOF, CRDV, SPLTF, SRMMF, TPIA, ABCFF, CSSI, GWTI, ABCP, VAGNF, KOSK, MVCO, ASKH, CNCOF, ANTCF, NWPG, VDRM, FAGI, KBLB, BHSIF, IHAI, RGBP, NXSGF, AFFL, NRPI, LMLLF, WDDD, DTTVY, ZHCLF, OLVI, OPTHF, CNVT, TROYF, APYP, MTPP, OSCI, NBIO, EVSV, SKGRW, DTZZF, BIDCF, SRAFF, DFCO, GBRRF, ONEI, AIGFF, SRRCF, APETF, RELT, ATHXQ, RDYFF, DECXF, KITL, BSPK, MITJF, CCEDF, EGTYF, MGOL, AKTS, AWSL, TPHS, VHAI, GDVM, GSRFF, AGSS, AGRI, STRM, BKIRF, SEOVF, RECHF, RFHRF, ENRT, SHGDF, PSHIF, PLMNF, GBRCF, PAANF, RBMNF, NLRCF, SHFS, ARWYF, HGAS, HZLIF, ASPU, EHGRF, EVA, LXENF, DUVNF, RGTLF, INIKF, FEMFF, ALSCF, RGTPQ, CULTF, VMSXF, NUVOQ, ACHL, CHELF, PIII, GWAV, MBYMF, NXU, NWTN, MRNS, APM, WESMF, GCXXF, IBOGF, NKLA, AISXF, MLEC, GOLXF, MMA, NEWDF, LMMY, PET, ONVO, BPTH, MTTR, MULN, STI, MOBX, LFLY, SBNY, RENB, ARMP, NTMFF, KUKE, VRSSF, ZENV, FBASF, PRTT, GWSO, CTV, CDXC, AMTX, DGHI, MIGI, YELLQ, BTCY, SBNYL, CAIXY, TKGBY, PTN, CYTO, MINM, LICY, SOND, VOXX, MKFG, CHRO, EMKR, ALTM, NANX, PTLE, CYCN, OIIIF, AADI, STAI, SAG, IBO, CCLDP, AMC, MYNA, LUXH, SUPV, NRHI, SDIG, VVPR, GTI, WINT, VCNX, BKSY, MPLN, ICLK, ACCD, VATE, CTGO, OMIC, ATSG, FNA, AIRT, SWI, FYBR, ITCI, SBUX, NARI, IONM, APSI, NSGP, ALRTF, USLG, WNFT, WGMCF, CAPC, BRDSQ, ODII, AMNI, XSNX, KAST, JFIL, FRCLL, LIBYW, JTAIZ, FFNTF, PUBC, CPNFF, BRUZF, CHHYF, BWVI, ILAL, GMVDF, HAPBF, NRRSF, NGTF, HMMR, CBDS, UBMRF, USAQ, SOFO, LRGR, NEPTF, FRCCL, NUKKW, USDP, CANN, ERAO, VSST, LOMEF, NIMU, EVLO, NXEN, GEMSF, VISM, SRAX, MFLTY, IVRN, ISPOW, FRCML, GRNBF, CAPV, EOSS, SYGGF, VMNT, TGCB, KOAN, CNNN, VRCFF, DUSYF, FLES, FRCIL, FRCJL, PRPRF, AAGR, STHZF, EGOX, UAHC, LCCN, CUBXF, DGWR, EVFM, SCPX, FRCHL, YERBF, MGRX, BEVVF, SBSAA, ARSLF, GMTNF, GBUX, PRST, TGGLF, CBSC, MDRNF, AVRW, AMMJ, ACAN, CSUI, KWIK, LVRLF, PWWBF, FTRS, PLFLF, MCDIF, BBUZ, CETI, BNZI, OMID, PSYBF, MYCOF, MEDVF, ALID, CANB, FRCKL, GMBLP, CLCS, CDSG, PTRVF, AWKNF, TIPS, MYMX, AMFL, AVAI, LEEEF, GXXY, LBRMF, PMEDF, ORHB, PLGNF, BBLR, TNRG, STHFF, PSNYW, MARK, IZOZF, CNNC, HLYK, RZREF, CLSH, GRMC, LZGI, SMX, APLIF, IVP, CUEN, INUMF, MLRT, MJNE, STRG, ATBPF, ROXIF, NASO, CRYM, RKMSF, ENTEF, BURU, PBLA, FHELF, DSGT, SCPS, VYST, PSUD, KCRD, BETRF, ALCUF, FRZT, DLYT, GRVE, GATEW, GLNLF, SCFFF, CTVEF, GANDF, XBRAF, MCLE, KOMOF, NXGB, BOMO, RENI, PMMCF, PTCO, THCBF, ROYL, TWOH, ATOXF, COMCF, TBRIF, IONGF, VTAK, TRKUF, TELHF, JSHG, BANT, GOLLQ, BCDA, BCUFF, CGNSF, DWAY, MNTS, GPOX, MBLMF, GKIN, DTII, EMMA, TEVNF, PKTX, BMXC, LKCO, SPGC, AMMPF, CBDW, GMER, MTRBF, BCCEF, IPIX, KLSVF, ETUGF, FRLAW, BGAVF, RCIT, WSRIF, OWRDF, CLGCF, LAAB, KXIN, SMMR, RAFA, BLIS, FRCB, RFLXF, RIBT, SMFL, CMAX, MARVF, MSEZ, ACDXF, EVLLF, GBBFF, AETHF, RDRSF, ONCO, EBET, IMRFF, NAUH, NVGLF, RFMCF, AQSZF, ROVMF, ALCE, NKGN, KZIA, EGMCF, QUAN, UPIN, COMS, VQSSF, GTGEF, ATRX, NRXP, ELMGF, AFFU, EMOR, MRLLF, WSRC, ROII, CJET, SGPTF, SING, NRSAF, FFIE, LXILF, TVIPF, RAREF, TOGOF, ADIA, PLTXF, AGILQ, AGEN, CNBX, BFCH, LPTV, GORAF, MHRE, CYDY, VDTAF, LIGA, CARA, BCBCF, TORVF, ALVR, CTXR, ENZ, BHIL, BNAI, RETO, OCEA, EYEN, EFSH, SGD, KRBP, TCBP, GRYP, CHNR, ZCAR, GMBL, ARTH, ONMD, AMPS, PNST, REBN, NMHI, SCLX, GCTS, CRML, ZIVO, LOT, PYCR, PHR, ECOR, NU, ML, NKE, SRE, ADUR, AMNF, PETRY, SILV, HCP, FCX, CMG, ALTR, AXSM, NVDA",1751328000000
2025-07-02,1,ONTTF,0,,1751414400000
2025-07-03,5,"AMTY, CNC, DAN, MSLVF, RYGYF",0,,1751500800000
2025-07-04,0,,0,,1751587200000
2025-07-05,0,,0,,1751673600000
2025-07-06,0,,0,,1751760000000
2025-07-07,0,,-3,"SPVNF, LTRPA, AVTE",1751846400000
2025-07-08,7,"AMPL, ARXRF, EMX, FLNCF, RAASY, SEEMF, YUMC",-384,"RBT, OSSIF, AMBBF, GLFH, QLI, DOCRF, VIEWQ, RRRLF, LRSRF, ALXEF, HYW, HSTO, DXFFY, MBAIF, AUDAQ, CORRQ, CUROQ, GAMGF, DRFS, BIOL, ISUN, HLTH, NSTGQ, BLPH, VINZF, CNPOF, FBSE, TBMCR, CLVRW, LILMW, BSRUF, HGMIF, CTCGF, TAMG, ARLSD, CAMPQ, USDR, NILTF, OSAPQ, TCJH, WALRF, WRNT, NTBL, CANOQ, BYROF, BNOX, SHCRW, CGRW, DIGP, CPPMF, LTCHW, EGRNQ, CYAP, FZRO, IRNTQ, BNNHF, PHGE-UN, HIHI, GDNSF, SMURF, TXHG, CORZQ, BABL, ANICD, MSSV, COOLW, MLLOD, EBFI, NREG, PRED, ECSL, BTTC, CMXC, ENDMD, TMXLF, VGANF, MYMXD, JZZID, CLIEF, STMHD, IPCIF, KDAGF, RVIV, CGOLF, EXMGF, HUGE, INNDD, FLYNF, GMDAQ, FSRN, GDNPF, HNRC, HRYU, TMDIF, DRCMF, MDJH, TLRS, KA, CASSQ, PAAND, EGIO, AKLI, CUTR, HYZN, BTTR, WAVD, OBNNF, CWEGF, AUGX, NPTSF, EIGRQ, WISA, AIU, TWOU, SAVE, ALLG, DM, NUZE, MEEC, HZEN, WETG, GRPH, PWFL, APTO, SLGD, ADTH, OSIIF, ALRN, BCHG, JAN, PALT, ABIO, ALIM, ZMMPY, ACTHF, CNXA, SHCR, JXJT, BMTX, PFIE, CMRX, LUMO, CACO, ATIF, SGE, MNTX, ITI, OSG, PSTX, ZCSH, FUSN, GRIF, SSNT, TAST, GREEL, MOR, GRCL, GATO, FMCKK, FREJP, RVNC, LKCRU, SCWX, AEZS, BCAN, CZOO, ELYM, RPHM, CURB-WI, STCN, NAPA, SLCA, MEDS, GPS, SGH, SOI, SILK, SNPO, LBPH, PIRS, DPSI, WKME, AE, CHUY, SMLP, MORF, PRFT, NSTG, TFFP, DMTK, GRTS, AVOI, CONN, MICS, PXDT, AWH, ELNSF, SIVBQ, SUNW, PEGY, NOGNQ, PACVD, NKORF, VLTTF, SRNEQ, CRGE, WEWKQ, RCHRF, HCDIQ, SEVCQ, JUBAF, ASAP, BCEL, GBNH, KSPN, MHUBD, CRGEQ, BFXXQ, NVIV, AEY, JOAN, KIQ, RADCQ, PTRAQ, REPO, ELIQ, NEPT, GIGA, POLC, CASA, VIEW, BFX, SIEN, TRYPF, SPEYF, RRSSF, CORR, FRBK, SIVPQ, GBNHF, APLMW, IMPLQ, RGST, RFMCD, UMFGD, VLD, MIMO, FTCHF, NOCSF, OSAAW, FAZE, JT, ARVL, ARHTF, VWE, VJET, ALCUD, ASLN, AULT, SFTGQ, TGVCW, OTECW, ATHX, AUDA, NIRLQ, LMDXF, MZZMF, LLAP, LMDX, ETAO, ALPSQ, BWCGF, FRES, JKHCF, AUSVF, TBNRF, ALTUW, TRKAQ, SIRCD, NVTA, ARAV, SLNA, ASTR, SZSMF, TSP, NEVDF, MRDB, YTEN, NSTB, BRSH, JTCHY, RNLX, CURO, SFE, REYGF, SIENQ, MKULQ, UNRVD, DMK, IMHC, HCDPQ, NBSE, ARNGF, MIMOQ, BXRX, FSR, MMSDF, PANXD, VIAO, LTMAY, NYCB, LBBB, VTNR, ACAX, ASCA, EXPR, KYCH, HNRA, BETS, NUBI, DMAQ, CORRL, BIG, EBIXQ, MDVL, TCS, LQR, SNMP, MMAT, ADOC, GRDI, YGF, LSDI, DLA, POL, EIGR, TWKS, HCMA, ENCP, IDEX, NGM, ACOR, GTHX, ONCT, NYCB-PA, ARIZ, SBOT, CDMO, DHCA, CHEA, PTHR, FWBI, EXAI, LGST, NEP, CRCQW, HA, LILM, LTHHF, TRIT, PFMT, ACTHD, HTLZF, CELTF, ACST, KRRGF, NR, PGRU, DRKTF, LABP, VZIO, HDELY, PRMW, BSIG, HOLI, PETQ, VSTO, SUM, ENV, SQ, ALPN, MDC, BECN, CEIX",1751932800000
2025-07-09,1,WMLLF,0,,1752019200000
2025-07-10,4,"RDBBF, RYTM, TKRFF, WPP",-1,BMNR,1752105600000
2025-07-11,0,,0,,1752192000000
2025-07-12,0,,0,,1752278400000
2025-07-13,0,,0,,1752364800000
2025-07-14,0,,-7,"RGLG, AHNR, HPH, JNVR, STBX, HITC, SRCL",1752451200000
2025-07-15,5,"FLWPF, IOFNF, LIANY, NEGG, SLP",-1,CLTEF,1752537600000
2025-07-16,0,,0,,1752624000000
2025-07-17,3,"ANGPY, GBIO, MNY",0,,1752710400000
2025-07-18,7,"COSAF, LCID, NVNO, SPCNF, UUUU, WDH, ZURA",0,,1752796800000
2025-07-19,0,,0,,1752883200000
2025-07-20,0,,0,,1752969600000
2025-07-21,1,EAF,-16,"ACLHF, GRFX, SHPW, PGHL, UNQL, RGF, PIK, NUVO, DESP, ZI, SVMH, OSA, GMDA, ALLK, AXDX, AVGR",1753056000000
2025-07-22,4,"ABCL, CYGGF, GENFF, RYAAY",0,,1753142400000
2025-07-23,6,"BAESF, CODQL, FDCFF, GPRO, PKE, ZOOZ",0,,1753228800000
2025-07-24,4,"ABVX, ATYR, PAPL, SMTOY",0,,1753315200000
2025-07-25,6,"CIO, CIO-PA, HZO, IRDM, MAT, NVEC",-1,DOW,1753401600000
2025-07-26,0,,0,,1753488000000
2025-07-27,0,,0,,1753574400000
2025-07-28,0,,-14,"CSSE, CSSEP, DCLIF, TIRX, KDLY, NAAS, ISENF, PTIX, OPTN, RGC, DCFC, SIFY, SLRN, VIST",1753660800000
2025-07-29,5,"ALGM, ATRC, HCMLY, HRFEF, NOMNF",0,,1753747200000
2025-07-30,5,"BYDDY, GCPEF, KFRC, NONOF, XPRO",0,,1753833600000
2025-07-31,10,"AMNP, BENZF, CWH, LC, MNRO, PLSDF, RMBS, SLGN, TPB, VYNE",0,,1753920000000
2025-08-01,0,,0,,1754006400000
2025-08-02,0,,0,,1754092800000
2025-08-03,0,,0,,1754179200000
2025-08-04,0,,-10,"NBMFF, SPMTF, HPST, DEFTF, MHLD, VSTE, LIAN, SYT, BRPHF, OTCFF",1754265600000
2025-08-05,18,"ANYYY, AXIL, ENR, EOPSF, EPC, FHI, FOUR, GELEF, HLIO, ICHR, INSP, MHVIY, ON, RTMVY, SXT, TRS, WMELF, XMTR",0,,1754352000000
2025-08-06,0,,0,,1754438400000
2025-08-07,9,"ACEL, CBLL, FPLSF, GUTS, HLLY, KMT, MTHRY, RNG, SEAT",0,,1754524800000
2025-08-08,11,"BRLT, CCCC, CCOI, CLFD, CROX, GNE, HAE, OEC, PAASF, WSTL, ZD",0,,1754611200000
2025-08-09,0,,0,,1754697600000
2025-08-10,0,,0,,1754784000000
2025-08-11,8,"AORT, CHR, FET, MTW, PAR, SHC, SLVM, VERU",-7,"CLEU, DRCT, JUNE, EVTL, CMPO, HEES, FXCNF",1754870400000
2025-08-12,8,"ALKEF, BTUMF, CRLBF, DNNGY, MLNK, TGNA, TSNDF, UGRO",0,,1754956800000
2025-08-13,4,"GEVO, HBI, HSTA, WHG",0,,1755043200000
2025-08-14,2,"ACDC, NDEKY",0,,1755129600000
2025-08-15,2,"METCB, NOA",0,,1755216000000
2025-08-16,0,,0,,1755302400000
2025-08-17,0,,0,,1755388800000
2025-08-18,5,"AUXXF, FITGF, GRNWF, INFU, KPTI",-26,"CDBT, NDVAF, BSLK, MTEM, LUCRF, LYT, ME, TPIC, NOVA, ONFO, POAI, PROC, SCNX, ABTS, SONN, PVL, AFMD, RTC, SOC, GHSI, WMNNF, SVVC, KITT, DBGI, LNVGF, SGAPY",1755475200000
2025-08-19,4,"CDTI, CNOBF, GDRX, KE",0,,1755561600000
2025-08-20,1,CSLLY,0,,1755648000000
2025-08-21,1,HPKEW,0,,1755734400000
2025-08-22,0,,0,,1755820800000
2025-08-23,0,,0,,1755907200000
2025-08-24,0,,0,,1755993600000
2025-08-25,0,,-18,"GRLGF, GLYC, BSGM, BRST, USNU, GAME, CVM, DUOT, IPDN, PLYA, DARE, BSFC, UUSAF, DADA, GWH, X, DGMLF, CXBMF",1756080000000
2025-08-26,0,,0,,1756166400000
2025-08-27,0,,0,,1756252800000
2025-08-28,0,,0,,1756339200000
2025-08-29,0,,0,,1756425600000
2025-08-30,0,,0,,1756512000000
2025-08-31,0,,0,,1756598400000
2025-09-01,0,,-15,"ORMNF, PXPC, DDNFF, BYDMF, STTDF, NSGCF, WOLF, GPHOF, CHEK, MRIN, RGLS, AHT, LBCMF, SUP, JBSAY",1756684800000
2025-09-02,0,,0,,1756771200000
2025-09-03,80,"ARAAF, ARCNF, AVACF, AZ, BTBD, BURBY, BUUU, CDTX, CTM, CVAC, DFDV, DSWL, ELEMF, EMPG, EMPYF, ENVXW, EPSM, EXOD, FAST, FINV, GRDN, HBFGF, HGRAF, HL, HSTXF, HTCR, HYDTF, IAG, III, ISVLF, IVCTF, JEM, JFB, JOYY, KGC, KRMD, KRMN, LGCY, LHAI, LUD, MIMI, MSGY, MTA, MTPLF, NAGE, NAKA, NCRA, NKLAQ, NNVUF, ONEG, ORZCF, OTRKP, PFHO, PHLT, PHOE, QVCGA, REDLF, RFIL, RMCO, RYCEF, RYCEY, SBET, SCZMF, SDM, SMAGF, SNLGF, SSGC, SSII, SSKN, STPGF, SUIG, TRON, TSMCF, TUYA, UFG, UNBX, URBN, UROY, VUZI, ZOMDF",0,,1756857600000
2025-09-04,9,"AZMTF, HNGE, HPYCF, LIVE, NEWP, SPAI, VREOF, YB, ZYBT",0,,1756944000000
2025-09-05,24,"AAMI, BCBNF, BRIA, CAE, CIGL, CWPWF, DAVA, DOUG, ERDCF, FIG, HCSG, HYFM, ICCC, NUS, PNXPF, PPBT, SCVL, SIF, SNDK, SORA, SUPX, SVUHF, SWAG, TBH",0,,1757030400000
2025-09-06,0,,0,,1757116800000
2025-09-07,0,,0,,1757203200000
2025-09-08,17,"AMBQ, APCOF, AWHL, BHLL, BNC, FBIO, FRD, GELS, JNDAF, KOD, OXLC, PFAI, PHRZF, STLXF, VEEE, YAAS, ZBIO",-19,"ZPHYF, HHDS, PSRHF, KWE, KASHF, OMMSF, USLIF, ESGLF, CASI, SNPX, INZY, RDFN, EVRI, SWTX, TTLHF, WDFCF, OPT, AZEK, NEM",1757289600000
2025-09-09,15,"ACRV, AMGRF, DUKR, EDN, FGNX, MDALF, MGIH, OTRKQ, PAM, QMMM, SROYF, TAIT, TGS, WATT, YPF",0,,1757376000000
2025-09-10,13,"COPAF, CWD, DGNX, DOGP, GMHS, HYPD, ITP, NCEW, PESI, PTNM, SAPLF, TRML, VERI",0,,1757462400000
2025-09-11,9,"EDHL, HUDI, IMAX, IRVRF, NPKI, RNCHF, SKBL, TRSO, WYFI",0,,1757548800000
2025-09-12,14,"ABTC, BEOLF, FCO, HVGDF, LRCX, MAZE, MOGU, MSC, NUAI, TDF, WBD, WTF, YDES, ZDAI",-1,EFTY,1757635200000
2025-09-13,0,,0,,1757721600000
2025-09-14,0,,0,,1757808000000
2025-09-15,8,"ANPA, APGOF, BGSF, DFKCY, FHLD, OPI, VNTG, ZGM",-8,"RIVF, EDEYF, BBTT, FTZZF, UBX, RDUS, HTOOW, OGNRF",1757894400000
2025-09-16,12,"BLNE, DKI, HSDT, LPTH, MAGMF, MTVA, NAOV, QBTQF, RLMLF, RNLXY, SPARF, TSAT",0,,1757980800000
2025-09-17,10,"BNGO, CPTLF, HCWC, IHT, KLRS, LEE, LVRO, RICK, SRTA, TURB",0,,1758067200000
2025-09-18,5,"CURX, LIXTW, LYTHF, NEUP, ZBAI",0,,1758153600000
2025-09-19,12,"ADAP, BLSH, CVAT, ETNB, INTC, JGLDF, LOGC, NOPMF, SIGCY, THH, TIC, XBOTF",0,,1758240000000
2025-09-20,0,,0,,1758326400000
2025-09-21,0,,0,,1758412800000
2025-09-22,0,,-10,"HYSR, GRTSQ, TCON, AYRWF, PWM, FRZA, ICAD, SRM, FARO, FDXTF",1758499200000
2025-09-23,0,,0,,1758585600000
2025-09-24,0,,0,,1758672000000
2025-09-25,0,,0,,1758758400000
2025-09-26,0,,0,,1758844800000
2025-09-27,0,,0,,1758931200000
2025-09-28,0,,0,,1759017600000
2025-09-29,0,,-10,"BLSTF, EATBF, SGGTF, ELEV, LINRF, VERV, TGI, TSORF, DTC, KIND",1759104000000
2025-09-30,0,,0,,1759190400000
2025-10-01,0,,0,,1759276800000
2025-10-02,20,"ADSLF, ANGX, BBW, BPPTU, CDBDF, CSPCY, CYRBY, IVDA, LKYRF, LUXE, MGSD, MNSAF, MRAM, NNNN, ONDS, RBWRF, SRVTF, TNFA, VRAR, WNS",-4,"AMLI, ALVLF, FOFO, USLRF",1759363200000
2025-10-03,8,"CRSP, FAASF, KUYAF, LWLG, PC, SLSN, USAR, VVWT",0,,1759449600000
2025-10-04,0,,0,,1759536000000
2025-10-05,0,,0,,1759622400000
2025-10-06,13,"ARDNF, AREB, CGLCF, CHPGF, CLNN, CYATY, EGPLF, GGR, LAC, PEMIF, PMAX, UGDIF, ZENA",-17,"NSRCF, VTMXF, XANAF, NRVTF, ATIP, FOBIF, CHKKF, ZUUZF, MKZR, SAGE, IKNA, VLCN, GTMLF, QQQFF, THRD, SGMA, CEF",1759708800000
2025-10-07,15,"BRVMF, BTQ, BZAI, CGLD, GSRTR, KFFLF, NIU, NSHRF, OMSE, ORIC, RMETF, SOPA, SVGAF, TAOX, VNPKF",0,,1759795200000
2025-10-08,6,"AGRZ, CROOF, IE, NOURF, PRKR, XBIO",0,,1759881600000
2025-10-09,12,"ACXP, ATON, BDRSF, GSRT, MSN, NPSNY, PENG, SCWO, SONO, TTRX, UMICY, VULMF",0,,1759968000000
2025-10-10,4,"IMUC, JFU, MGRT, SLRRF",0,,1760054400000
2025-10-11,0,,0,,1760140800000
2025-10-12,0,,0,,1760227200000
2025-10-13,8,"AMRRY, NVNXF, NVX, TDIC, USNA, VG, VTMLF, ZEPP",-9,"DMTKQ, SMTSF, CSDX, MGMLF, VIGL, HLGN, SYTA, PARAA, MNDJF",1760313600000
2025-10-14,24,"ABAT, AQMS, ASMMF, BYND, CCCXU, DCNNF, ENFY, EOSE, FEAM, FRSPF, GDPHF, GIDMF, HNTRF, HTCO, IMAB, NMG, ORESF, OZBKF, PHNMF, POWI, TLGRF, TVRD, UURAF, VMXXF",-1,CTHCF,1760400000000
2025-10-15,14,"ANORF, AWX, ERIC, EUMNF, GBLEF, HAYAF, LEMIF, LINMF, MIMDF, MNXXF, PAVS, RDGT, THM, TOPP",0,,1760486400000
2025-10-16,2,"TGEN, TRUE",-1,RMSG,1760572800000
2025-10-17,8,"ADXDF, HYPR, IIIN, MODVQ, RYOJ, SNEGF, SNSE, VSTTF",-1,FXGDF,1760659200000
2025-10-18,0,,0,,1760745600000
2025-10-19,0,,0,,1760832000000
2025-10-20,0,,-9,"RSLS, AVTBF, DATS, IGMS, FGF, TSBX, RMBL, STRC, SSY",1760918400000
2025-10-21,0,,0,,1761004800000
2025-10-22,6,"AGH, BBGI, BCMRF, FEEXF, INBX, WGO",0,,1761091200000
